degree,num_advice,num_lookup,num_fixed,lookup_bits,limb_bits,num_limbs,proof_time,proof_size,verify_time
19,1,1,1,18,88,3,14.846241542s,960,3.58725ms
18,2,1,1,17,88,3,8.907891208s,1344,3.842542ms
17,4,1,1,16,88,3,5.388049959s,1920,3.667375ms
16,8,2,1,15,90,3,4.3769145s,3552,4.3735ms
15,17,3,1,14,90,3,4.134265042s,6560,7.856125ms
14,34,6,1,13,91,3,4.170222583s,12704,14.467542ms
13,68,12,1,12,88,3,4.670917416s,24960,24.42825ms
12,139,24,2,11,88,3,5.507256166s,50496,25.59825ms
11,291,53,4,10,88,3,6.604963916s,106496,37.274167ms
